ID;pName
40036;Ella Williams
40039;Grace White
40042;Ringo Martin
40045;Ella Thompson
40048;Ruby White
40051;John Williams
40054;Paul Harris
40057;Emma Moore
40060;Ruby Moore
40063;Grace Wilson
40066;Isabella Jackson
40071;Ava Davis
40076;James White
40079;Grace Jones
40084;Lucy Taylor
40087;Lucy Johnson
40090;Mia Wilson
40093;John Martin
40098;Ruby Williams
40101;Mia Davis
40104;Charlotte Harris
40107;Emma Williams
40110;John Miller
40113;Isabella Taylor
40116;Isabella Martin
40119;Charlotte Miller
40122;Emma Miller
40125;Olivia Smith
40048;Ruby White
40130;Mia Smith
40133;Mia White
40093;John Martin
40138;Pete Martin
40141;Lucy Harris
40057;Emma Moore
40146;Ruby Wilson
40149;James Taylor
40054;Paul Harris
40154;Emma Thompson
40146;Ruby Wilson
40159;Amelia White
40162;Isabella Thompson
40165;Mia Moore
40168;Pete Harris
40171;Grace Davis
40174;Lucy Martin
40179;Ella Taylor
40182;Sophia Jackson
40185;Sophia Davis
40188;Lucy Moore
40071;Ava Davis
40193;Ruby Anderson
40101;Mia Davis
40198;Ringo Miller
40201;Lucy Williams
40204;Amelia Taylor
40207;Grace Thompson
40210;Ava White
40076;James White
40215;John Davis
40188;Lucy Moore
40222;Paul Taylor
40227;Pete Anderson
40230;John Taylor
40235;Emma Jackson
40238;Olivia Anderson
40241;Ringo Harris
40244;Pete Davis
40247;Sophia Anderson
40254;Charlotte Johnson
40261;Olivia Williams
40266;Sophia White
40269;Ruby Davis
40272;Isabella Williams
40275;Charlotte Williams
40278;Amelia Wilson
40281;John Jones
40286;Ava Thompson
40289;George Jackson
40292;James Thompson
40297;Ruby Johnson
40210;Ava White
40302;Ella White
40125;Olivia Smith
40098;Ruby Williams
40311;Ava Jackson
40314;Emma Harris
40317;Mia Martin
40320;Paul Thompson
40323;Amelia Jackson
40286;Ava Thompson
40275;Charlotte Williams
40039;Grace White
40130;Mia Smith
40336;Ruby Smith
40341;Ruby Harris
40348;Ava Smith
40351;Charlotte Moore
40354;Mia Johnson
40357;James Wilson
40362;Ruby Miller
40365;Charlotte Davis
40372;Ringo Taylor
40247;Sophia Anderson
40104;Charlotte Harris
40381;Olivia Martin
40386;Ella Moore
40391;Grace Martin
40394;Olivia White
40397;Ella Jones
40400;Ruby Martin
40403;Pete Wilson
40408;Sophia Harris
40357;James Wilson
40036;Ella Williams
40076;James White
40419;Pete Williams
40422;Lucy White
40182;Sophia Jackson
40427;Ringo Anderson
40241;Ringo Harris
40436;Paul Wilson
40439;Sophia Jones
40159;Amelia White
40450;Ringo Williams
40408;Sophia Harris
40455;Ruby Thompson
40201;Lucy Williams
40462;Amelia Thompson
40436;Paul Wilson
40467;Amelia Jones
40470;Isabella Davis
40473;Ella Martin
40476;Grace Williams
40479;Charlotte Taylor
40154;Emma Thompson
40486;Lucy Jackson
40493;George Thompson
40496;Olivia Wilson
40185;Sophia Davis
40503;John Jackson
40159;Amelia White
40076;James White
40079;Grace Jones
40512;Olivia Jackson
40515;Ava Wilson
40518;Paul Davis
40518;Paul Davis
40174;Lucy Martin
40227;Pete Anderson
40266;Sophia White
40141;Lucy Harris
40512;Olivia Jackson
40539;Ringo Smith
40323;Amelia Jackson
40168;Pete Harris
40550;Ava Moore
40060;Ruby Moore
40561;Paul Williams
40561;Paul Williams
40566;Sophia Williams
40569;Charlotte Smith
40400;Ruby Martin
40110;John Miller
40174;Lucy Martin
40110;John Miller
40582;James Miller
40585;Charlotte Martin
40154;Emma Thompson
40594;Olivia Miller
40597;Olivia Jones
40600;Ringo Thompson
40603;James Davis
40272;Isabella Williams
40408;Sophia Harris
40302;Ella White
40618;Ava Miller
40621;Ava Johnson
40462;Amelia Thompson
40087;Lucy Johnson
40630;George Jones
40633;Ella Smith
40636;Grace Moore
40594;Olivia Miller
40146;Ruby Wilson
40204;Amelia Taylor
40110;John Miller
40215;John Davis
40669;Emma White
40672;Mia Thompson
40403;Pete Wilson
40436;Paul Wilson
40125;Olivia Smith
40149;James Taylor
40391;Grace Martin
40254;Charlotte Johnson
40693;Ava Taylor
40357;James Wilson
40702;John Wilson
40314;Emma Harris
40048;Ruby White
40275;Charlotte Williams
40719;George Taylor
40408;Sophia Harris
40093;John Martin
40101;Mia Davis
40738;Amelia Davis
40741;Amelia Moore
40397;Ella Jones
40486;Lucy Jackson
40760;George White
40763;Paul Miller
40768;Sophia Taylor
40054;Paul Harris
40198;Ringo Miller
40781;Grace Smith
40394;Olivia White
40786;Amelia Smith
40244;Pete Davis
40311;Ava Jackson
40079;Grace Jones
40149;James Taylor
40807;Isabella White
40738;Amelia Davis
40057;Emma Moore
40051;John Williams
40822;Sophia Moore
40827;Pete Johnson
40830;Amelia Martin
40093;John Martin
40837;Ella Anderson
40297;Ruby Johnson
40848;Ella Wilson
40104;Charlotte Harris
40853;Paul Johnson
40302;Ella White
40125;Olivia Smith
40292;James Thompson
40864;George Davis
40238;Olivia Anderson
40207;Grace Thompson
40159;Amelia White
40875;Paul Jones
40476;Grace Williams
40880;Charlotte White
40400;Ruby Martin
40885;Amelia Anderson
40354;Mia Johnson
40738;Amelia Davis
40063;Grace Wilson
40297;Ruby Johnson
40781;Grace Smith
40760;George White
40922;Charlotte Wilson
40925;George Anderson
40827;Pete Johnson
40934;Grace Harris
40937;George Williams
40397;Ella Jones
40093;John Martin
40154;Emma Thompson
40952;Paul Moore
40952;Paul Moore
40071;Ava Davis
40963;John Harris
40966;Ringo Wilson
40969;Mia Harris
40974;Mia Taylor
40314;Emma Harris
40807;Isabella White
40981;Isabella Wilson
40984;Ava Jones
40311;Ava Jackson
40989;John Johnson
40159;Amelia White
40996;Ringo Johnson
40286;Ava Thompson
40244;Pete Davis
41009;Ava Martin
41014;George Wilson
40165;Mia Moore
40084;Lucy Taylor
41029;George Smith
40174;Lucy Martin
40603;James Davis
40419;Pete Williams
40302;Ella White
40781;Grace Smith
40185;Sophia Davis
41054;James Johnson
41061;Amelia Miller
40963;John Harris
40133;Mia White
40455;Ruby Thompson
40314;Emma Harris
40394;Olivia White
41080;Isabella Miller
40760;George White
41089;Isabella Harris
40286;Ava Thompson
40336;Ruby Smith
41108;Ruby Taylor
40427;Ringo Anderson
40467;Amelia Jones
40162;Isabella Thompson
40084;Lucy Taylor
40512;Olivia Jackson
40207;Grace Thompson
40042;Ringo Martin
41133;Olivia Moore
40496;Olivia Wilson
40311;Ava Jackson
41150;Grace Taylor
41153;James Smith
41158;Amelia Williams
40569;Charlotte Smith
40618;Ava Miller
40122;Emma Miller
40669;Emma White
41177;Sophia Thompson
40171;Grace Davis
41194;Ringo Jones
40636;Grace Moore
40348;Ava Smith
40357;James Wilson
40719;George Taylor
40550;Ava Moore
40636;Grace Moore
41227;Grace Johnson
41230;John Anderson
40182;Sophia Jackson
40215;John Davis
40101;Mia Davis
41247;Ringo Moore
41270;Grace Anderson
40741;Amelia Moore
40864;George Davis
41285;Grace Jackson
40922;Charlotte Wilson
40594;Olivia Miller
41294;Isabella Smith
40885;Amelia Anderson
41301;Ella Miller
41304;Lucy Jones
40372;Ringo Taylor
40618;Ava Miller
41323;Sophia Smith
40436;Paul Wilson
40244;Pete Davis
41334;Emma Wilson
40141;Lucy Harris
41343;Emma Smith
41352;James Jackson
40603;James Davis
40125;Olivia Smith
41369;Lucy Wilson
41372;Lucy Smith
40116;Isabella Martin
41372;Lucy Smith
41014;George Wilson
40362;Ruby Miller
40455;Ruby Thompson
41014;George Wilson
40286;Ava Thompson
40473;Ella Martin
40357;James Wilson
40087;Lucy Johnson
40146;Ruby Wilson
40391;Grace Martin
40594;Olivia Miller
40963;John Harris
40193;Ruby Anderson
41009;Ava Martin
40289;George Jackson
40076;James White
40227;Pete Anderson
41230;John Anderson
41457;Pete Moore
41150;Grace Taylor
41470;George Miller
40215;John Davis
40286;Ava Thompson
40760;George White
40314;Emma Harris
40966;Ringo Wilson
40174;Lucy Martin
40042;Ringo Martin
41501;Pete Jackson
41504;Sophia Wilson
40204;Amelia Taylor
40348;Ava Smith
41515;Emma Martin
40087;Lucy Johnson
40672;Mia Thompson
40146;Ruby Wilson
40422;Lucy White
40341;Ruby Harris
41054;James Johnson
40045;Ella Thompson
41544;Pete Jones
40113;Isabella Taylor
40286;Ava Thompson
40235;Emma Jackson
41334;Emma Wilson
40116;Isabella Martin
41575;Mia Miller
40317;Mia Martin
40952;Paul Moore
41582;Pete Thompson
41343;Emma Smith
40400;Ruby Martin
41599;Ringo Jackson
40397;Ella Jones
40569;Charlotte Smith
40400;Ruby Martin
40320;Paul Thompson
41618;Ella Harris
40348;Ava Smith
40439;Sophia Jones
40314;Emma Harris
40885;Amelia Anderson
40045;Ella Thompson
41575;Mia Miller
40141;Lucy Harris
40450;Ringo Williams
40925;George Anderson
40822;Sophia Moore
40618;Ava Miller
41659;Emma Anderson
41668;Paul Martin
40473;Ella Martin
41673;James Martin
40781;Grace Smith
40702;John Wilson
41682;Pete Taylor
40394;Olivia White
40633;Ella Smith
41158;Amelia Williams
40386;Ella Moore
41707;Emma Taylor
40165;Mia Moore
41714;Amelia Harris
40934;Grace Harris
40925;George Anderson
41457;Pete Moore
40084;Lucy Taylor
40314;Emma Harris
40048;Ruby White
41739;James Harris
40198;Ringo Miller
40830;Amelia Martin
40297;Ruby Johnson
40569;Charlotte Smith
40311;Ava Jackson
41707;Emma Taylor
40603;James Davis
40594;Olivia Miller
40470;Isabella Davis
40621;Ava Johnson
40210;Ava White
41786;Olivia Thompson
41108;Ruby Taylor
41795;Lucy Davis
40093;John Martin
40518;Paul Davis
40222;Paul Taylor
40974;Mia Taylor
41822;Lucy Thompson
40875;Paul Jones
40063;Grace Wilson
40247;Sophia Anderson
40515;Ava Wilson
41582;Pete Thompson
40512;Olivia Jackson
41285;Grace Jackson
40597;Olivia Jones
40076;James White
41873;James Anderson
41515;Emma Martin
40171;Grace Davis
40113;Isabella Taylor
40054;Paul Harris
40244;Pete Davis
40539;Ringo Smith
40201;Lucy Williams
40292;James Thompson
40207;Grace Thompson
40138;Pete Martin
40408;Sophia Harris
40550;Ava Moore
41950;Mia Jones
40104;Charlotte Harris
41957;Ava Anderson
41304;Lucy Jones
40130;Mia Smith
40597;Olivia Jones
40738;Amelia Davis
41061;Amelia Miller
41334;Emma Wilson
40188;Lucy Moore
41714;Amelia Harris
42000;Lucy Miller
42003;Ruby Jones
40400;Ruby Martin
42012;Emma Johnson
42015;James Moore
40188;Lucy Moore
40302;Ella White
41270;Grace Anderson
40063;Grace Wilson
42054;Emma Davis
41950;Mia Jones
41334;Emma Wilson
42065;George Harris
40357;James Wilson
41323;Sophia Smith
40989;John Johnson
41470;George Miller
40107;Emma Williams
40357;James Wilson
42098;Olivia Johnson
42103;Sophia Miller
40314;Emma Harris
42112;Ella Davis
40922;Charlotte Wilson
40408;Sophia Harris
40386;Ella Moore
40162;Isabella Thompson
42127;John Moore
40493;George Thompson
40594;Olivia Miller
40807;Isabella White
42140;Mia Anderson
40204;Amelia Taylor
40130;Mia Smith
40830;Amelia Martin
42159;Charlotte Thompson
42164;George Martin
41230;John Anderson
40621;Ava Johnson
40365;Charlotte Davis
40925;George Anderson
40060;Ruby Moore
40244;Pete Davis
41515;Emma Martin
40969;Mia Harris
40853;Paul Johnson
41515;Emma Martin
40230;John Taylor
40467;Amelia Jones
41194;Ringo Jones
40084;Lucy Taylor
42054;Emma Davis
40241;Ringo Harris
40138;Pete Martin
40286;Ava Thompson
42255;Ella Johnson
40934;Grace Harris
42260;James Williams
40269;Ruby Davis
40057;Emma Moore
40512;Olivia Jackson
40159;Amelia White
41080;Isabella Miller
40569;Charlotte Smith
40116;Isabella Martin
40110;John Miller
40966;Ringo Wilson
40585;Charlotte Martin
40297;Ruby Johnson
42315;George Moore
40439;Sophia Jones
40076;James White
41323;Sophia Smith
42159;Charlotte Thompson
40768;Sophia Taylor
41599;Ringo Jackson
40311;Ava Jackson
40302;Ella White
40702;John Wilson
42003;Ruby Jones
42380;Pete Smith
40247;Sophia Anderson
40885;Amelia Anderson
41582;Pete Thompson
40518;Paul Davis
40141;Lucy Harris
40672;Mia Thompson
41582;Pete Thompson
41009;Ava Martin
40138;Pete Martin
40210;Ava White
41285;Grace Jackson
40963;John Harris
42431;Paul White
40496;Olivia Wilson
41950;Mia Jones
40455;Ruby Thompson
40397;Ella Jones
41108;Ruby Taylor
40244;Pete Davis
40281;John Jones
40101;Mia Davis
40289;George Jackson
40130;Mia Smith
41822;Lucy Thompson
41054;James Johnson
40119;Charlotte Miller
40479;Charlotte Taylor
41822;Lucy Thompson
40561;Paul Williams
41304;Lucy Jones
40107;Emma Williams
40512;Olivia Jackson
41618;Ella Harris
40201;Lucy Williams
40400;Ruby Martin
40386;Ella Moore
40981;Isabella Wilson
40079;Grace Jones
40386;Ella Moore
40149;James Taylor
42578;Lucy Anderson
41108;Ruby Taylor
40048;Ruby White
40539;Ringo Smith
40060;Ruby Moore
40966;Ringo Wilson
42611;Pete Miller
40603;James Davis
40738;Amelia Davis
42315;George Moore
40822;Sophia Moore
40827;Pete Johnson
41230;John Anderson
41599;Ringo Jackson
40188;Lucy Moore
40672;Mia Thompson
40122;Emma Miller
40672;Mia Thompson
40937;George Williams
40600;Ringo Thompson
40320;Paul Thompson
40786;Amelia Smith
40875;Paul Jones
40864;George Davis
40594;Olivia Miller
40439;Sophia Jones
40496;Olivia Wilson
40633;Ella Smith
42736;Pete White
40618;Ava Miller
40633;Ella Smith
42431;Paul White
42753;Ella Jackson
40149;James Taylor
40963;John Harris
41599;Ringo Jackson
42778;Olivia Harris
40104;Charlotte Harris
41504;Sophia Wilson
40348;Ava Smith
41786;Olivia Thompson
40323;Amelia Jackson
40362;Ruby Miller
40084;Lucy Taylor
40076;James White
41029;George Smith
41618;Ella Harris
40354;Mia Johnson
41009;Ava Martin
40630;George Jones
40618;Ava Miller
40222;Paul Taylor
42853;Paul Jackson
42880;Emma Jones
40539;Ringo Smith
40937;George Williams
42853;Paul Jackson
40630;George Jones
40125;Olivia Smith
42923;Sophia Martin
41247;Ringo Moore
40090;Mia Wilson
42753;Ella Jackson
40210;Ava White
40116;Isabella Martin
41786;Olivia Thompson
40278;Amelia Wilson
42956;John Smith
40397;Ella Jones
40984;Ava Jones
41343;Emma Smith
40848;Ella Wilson
41150;Grace Taylor
41707;Emma Taylor
42979;Ruby Jackson
40786;Amelia Smith
41029;George Smith
41294;Isabella Smith
42003;Ruby Jones
41599;Ringo Jackson
42127;John Moore
40238;Olivia Anderson
40076;James White
40989;John Johnson
43038;Grace Miller
40981;Isabella Wilson
41061;Amelia Miller
40467;Amelia Jones
40154;Emma Thompson
40138;Pete Martin
40066;Isabella Jackson
42054;Emma Davis
40084;Lucy Taylor
41323;Sophia Smith
40087;Lucy Johnson
40830;Amelia Martin
40830;Amelia Martin
40057;Emma Moore
40198;Ringo Miller
40486;Lucy Jackson
40539;Ringo Smith
40512;Olivia Jackson
40455;Ruby Thompson
42255;Ella Johnson
43129;Charlotte Jones
40381;Olivia Martin
40174;Lucy Martin
40275;Charlotte Williams
41158;Amelia Williams
41668;Paul Martin
40550;Ava Moore
43160;Isabella Anderson
41372;Lucy Smith
40227;Pete Anderson
40630;George Jones
40569;Charlotte Smith
40051;John Williams
42003;Ruby Jones
40837;Ella Anderson
41873;James Anderson
40119;Charlotte Miller
43227;Paul Anderson
40113;Isabella Taylor
40297;Ruby Johnson
41659;Emma Anderson
40738;Amelia Davis
42923;Sophia Martin
40235;Emma Jackson
40275;Charlotte Williams
41515;Emma Martin
40476;Grace Williams
40098;Ruby Williams
42012;Emma Johnson
41470;George Miller
40669;Emma White
40354;Mia Johnson
40408;Sophia Harris
40159;Amelia White
41372;Lucy Smith
41822;Lucy Thompson
40719;George Taylor
42127;John Moore
43038;Grace Miller
41457;Pete Moore
40060;Ruby Moore
41294;Isabella Smith
40048;Ruby White
40107;Emma Williams
40297;Ruby Johnson
40880;Charlotte White
43382;Isabella Moore
40348;Ava Smith
41158;Amelia Williams
40922;Charlotte Wilson
40204;Amelia Taylor
40633;Ella Smith
40462;Amelia Thompson
40286;Ava Thompson
41682;Pete Taylor
40386;Ella Moore
41323;Sophia Smith
40107;Emma Williams
40286;Ava Thompson
40455;Ruby Thompson
40582;James Miller
40076;James White
40171;Grace Davis
40297;Ruby Johnson
41714;Amelia Harris
40419;Pete Williams
42255;Ella Johnson
40738;Amelia Davis
41177;Sophia Thompson
42000;Lucy Miller
41582;Pete Thompson
40107;Emma Williams
40125;Olivia Smith
41029;George Smith
41029;George Smith
40107;Emma Williams
40585;Charlotte Martin
40045;Ella Thompson
40204;Amelia Taylor
40113;Isabella Taylor
40278;Amelia Wilson
40104;Charlotte Harris
40336;Ruby Smith
41301;Ella Miller
42853;Paul Jackson
40963;John Harris
43227;Paul Anderson
41029;George Smith
40963;John Harris
43619;John White
40539;Ringo Smith
40618;Ava Miller
40154;Emma Thompson
40853;Paul Johnson
40076;James White
42315;George Moore
40210;Ava White
40093;John Martin
40827;Pete Johnson
40925;George Anderson
40045;Ella Thompson
41089;Isabella Harris
40162;Isabella Thompson
41343;Emma Smith
40336;Ruby Smith
42003;Ruby Jones
40493;George Thompson
40341;Ruby Harris
41501;Pete Jackson
42753;Ella Jackson
41294;Isabella Smith
40275;Charlotte Williams
40107;Emma Williams
40336;Ruby Smith
40582;James Miller
40168;Pete Harris
40247;Sophia Anderson
41304;Lucy Jones
41659;Emma Anderson
40738;Amelia Davis
41515;Emma Martin
40467;Amelia Jones
40354;Mia Johnson
40076;James White
40125;Olivia Smith
40719;George Taylor
40864;George Davis
42315;George Moore
42015;James Moore
42578;Lucy Anderson
40297;Ruby Johnson
40408;Sophia Harris
40057;Emma Moore
42164;George Martin
40493;George Thompson
41673;James Martin
43888;Sophia Johnson
43891;Amelia Johnson
40561;Paul Williams
41177;Sophia Thompson
40057;Emma Moore
41294;Isabella Smith
42127;John Moore
41133;Olivia Moore
40738;Amelia Davis
40133;Mia White
41739;James Harris
40210;Ava White
40323;Amelia Jackson
40286;Ava Thompson
40101;Mia Davis
40188;Lucy Moore
43227;Paul Anderson
40045;Ella Thompson
42000;Lucy Miller
40154;Emma Thompson
40093;John Martin
40925;George Anderson
40582;James Miller
40354;Mia Johnson
40317;Mia Martin
40039;Grace White
41014;George Wilson
41029;George Smith
41682;Pete Taylor
40230;John Taylor
44078;John Thompson
40193;Ruby Anderson
40119;Charlotte Miller
40247;Sophia Anderson
40372;Ringo Taylor
40597;Olivia Jones
40394;Olivia White
40193;Ruby Anderson
42880;Emma Jones
40076;James White
40984;Ava Jones
41009;Ava Martin
40365;Charlotte Davis
40289;George Jackson
40496;Olivia Wilson
40336;Ruby Smith
41575;Mia Miller
41323;Sophia Smith
41372;Lucy Smith
40087;Lucy Johnson
44173;Ringo White
40071;Ava Davis
41372;Lucy Smith
42578;Lucy Anderson
40702;John Wilson
40182;Sophia Jackson
40496;Olivia Wilson
40636;Grace Moore
40051;John Williams
40885;Amelia Anderson
40193;Ruby Anderson
40633;Ella Smith
44240;Charlotte Anderson
40241;Ringo Harris
41270;Grace Anderson
41599;Ringo Jackson
40539;Ringo Smith
41822;Lucy Thompson
40760;George White
40864;George Davis
40130;Mia Smith
40422;Lucy White
43160;Isabella Anderson
40603;James Davis
40090;Mia Wilson
40848;Ella Wilson
41054;James Johnson
40741;Amelia Moore
40133;Mia White
43160;Isabella Anderson
41294;Isabella Smith
41158;Amelia Williams
41304;Lucy Jones
40719;George Taylor
40362;Ruby Miller
44379;James Jones
40439;Sophia Jones
40119;Charlotte Miller
40269;Ruby Davis
40518;Paul Davis
40165;Mia Moore
40101;Mia Davis
41873;James Anderson
41659;Emma Anderson
41270;Grace Anderson
40198;Ringo Miller
41575;Mia Miller
40079;Grace Jones
40354;Mia Johnson
44482;Olivia Davis
40594;Olivia Miller
41659;Emma Anderson
44495;Mia Jackson
41515;Emma Martin
40981;Isabella Wilson
40336;Ruby Smith
44173;Ringo White
40320;Paul Thompson
40386;Ella Moore
40702;John Wilson
42956;John Smith
40054;Paul Harris
40853;Paul Johnson
44584;Olivia Taylor
40436;Paul Wilson
40323;Amelia Jackson
44593;Charlotte Jackson
40600;Ringo Thompson
41029;George Smith
42159;Charlotte Thompson
41369;Lucy Wilson
41227;Grace Johnson
41133;Olivia Moore
40188;Lucy Moore
40179;Ella Taylor
40222;Paul Taylor
40323;Amelia Jackson
40989;John Johnson
40450;Ringo Williams
40278;Amelia Wilson
44710;Isabella Jones
40864;George Davis
40048;Ruby White
41673;James Martin
41270;Grace Anderson
44735;George Johnson
40348;Ava Smith
42380;Pete Smith
40885;Amelia Anderson
40162;Isabella Thompson
43227;Paul Anderson
42431;Paul White
42054;Emma Davis
40427;Ringo Anderson
40198;Ringo Miller
40493;George Thompson
40594;Olivia Miller
41950;Mia Jones
42003;Ruby Jones
40864;George Davis
40149;James Taylor
42054;Emma Davis
40057;Emma Moore
41080;Isabella Miller
40925;George Anderson
40149;James Taylor
41270;Grace Anderson
41659;Emma Anderson
40837;Ella Anderson
43227;Paul Anderson
41501;Pete Jackson
40357;James Wilson
41599;Ringo Jackson
40880;Charlotte White
41270;Grace Anderson
43227;Paul Anderson
40848;Ella Wilson
40087;Lucy Johnson
40786;Amelia Smith
40116;Isabella Martin
40934;Grace Harris
40989;John Johnson
40162;Isabella Thompson
41786;Olivia Thompson
42140;Mia Anderson
44956;Mia Williams
41247;Ringo Moore
40496;Olivia Wilson
41739;James Harris
43129;Charlotte Jones
42112;Ella Davis
40357;James Wilson
42380;Pete Smith
41504;Sophia Wilson
41304;Lucy Jones
41544;Pete Jones
42578;Lucy Anderson
40079;Grace Jones
40165;Mia Moore
42112;Ella Davis
42880;Emma Jones
42098;Olivia Johnson
40241;Ringo Harris
40281;John Jones
40403;Pete Wilson
40455;Ruby Thompson
40427;Ringo Anderson
40201;Lucy Williams
44956;Mia Williams
42578;Lucy Anderson
40084;Lucy Taylor
40719;George Taylor
40051;John Williams
40154;Emma Thompson
41080;Isabella Miller
40569;Charlotte Smith
40090;Mia Wilson
43038;Grace Miller
40603;James Davis
40408;Sophia Harris
40076;James White
40539;Ringo Smith
40768;Sophia Taylor
44240;Charlotte Anderson
41227;Grace Johnson
40057;Emma Moore
42065;George Harris
44735;George Johnson
44584;Olivia Taylor
42003;Ruby Jones
40125;Olivia Smith
40272;Isabella Williams
41108;Ruby Taylor
40162;Isabella Thompson
40054;Paul Harris
40512;Olivia Jackson
40966;Ringo Wilson
41682;Pete Taylor
44482;Olivia Davis
40853;Paul Johnson
44710;Isabella Jones
42003;Ruby Jones
40569;Charlotte Smith
41501;Pete Jackson
41230;John Anderson
40042;Ringo Martin
42578;Lucy Anderson
44078;John Thompson
40125;Olivia Smith
40110;John Miller
40503;John Jackson
42140;Mia Anderson
40391;Grace Martin
40493;George Thompson
40822;Sophia Moore
40281;John Jones
43160;Isabella Anderson
40185;Sophia Davis
40786;Amelia Smith
40138;Pete Martin
40048;Ruby White
40618;Ava Miller
40760;George White
40207;Grace Thompson
40244;Pete Davis
40154;Emma Thompson
40116;Isabella Martin
40351;Charlotte Moore
40462;Amelia Thompson
40496;Olivia Wilson
42956;John Smith
40087;Lucy Johnson
40362;Ruby Miller
44379;James Jones
40496;Olivia Wilson
40493;George Thompson
40922;Charlotte Wilson
40351;Charlotte Moore
41304;Lucy Jones
40569;Charlotte Smith
40057;Emma Moore
40476;Grace Williams
44584;Olivia Taylor
40462;Amelia Thompson
40394;Olivia White
41247;Ringo Moore
40455;Ruby Thompson
40582;James Miller
40585;Charlotte Martin
42003;Ruby Jones
40981;Isabella Wilson
40090;Mia Wilson
40486;Lucy Jackson
40984;Ava Jones
40066;Isabella Jackson
42054;Emma Davis
40227;Pete Anderson
42127;John Moore
40110;John Miller
40827;Pete Johnson
40693;Ava Taylor
40603;James Davis
40391;Grace Martin
40042;Ringo Martin
40079;Grace Jones
45749;Ava Harris
44956;Mia Williams
42159;Charlotte Thompson
41323;Sophia Smith
40786;Amelia Smith
44240;Charlotte Anderson
42159;Charlotte Thompson
42012;Emma Johnson
40381;Olivia Martin
40427;Ringo Anderson
40336;Ruby Smith
40116;Isabella Martin
40063;Grace Wilson
40063;Grace Wilson
40185;Sophia Davis
40286;Ava Thompson
40450;Ringo Williams
41177;Sophia Thompson
44173;Ringo White
40238;Olivia Anderson
40125;Olivia Smith
40408;Sophia Harris
40071;Ava Davis
44240;Charlotte Anderson
40672;Mia Thompson
40807;Isabella White
40633;Ella Smith
40341;Ruby Harris
40354;Mia Johnson
40561;Paul Williams
40984;Ava Jones
40130;Mia Smith
40054;Paul Harris
40493;George Thompson
44495;Mia Jackson
40171;Grace Davis
42103;Sophia Miller
44584;Olivia Taylor
40518;Paul Davis
42736;Pete White
41575;Mia Miller
40269;Ruby Davis
40076;James White
40479;Charlotte Taylor
41707;Emma Taylor
41714;Amelia Harris
46044;Isabella Johnson
40079;Grace Jones
40880;Charlotte White
40885;Amelia Anderson
41029;George Smith
40400;Ruby Martin
40365;Charlotte Davis
41795;Lucy Davis
40198;Ringo Miller
42164;George Martin
40408;Sophia Harris
40060;Ruby Moore
40807;Isabella White
40760;George White
40621;Ava Johnson
44379;James Jones
42140;Mia Anderson
44495;Mia Jackson
40400;Ruby Martin
41054;James Johnson
40261;Olivia Williams
40204;Amelia Taylor
41470;George Miller
40071;Ava Davis
40408;Sophia Harris
41618;Ella Harris
40561;Paul Williams
42012;Emma Johnson
40594;Olivia Miller
40934;Grace Harris
40297;Ruby Johnson
42015;James Moore
42000;Lucy Miller
40168;Pete Harris
40241;Ringo Harris
42853;Paul Jackson
41150;Grace Taylor
41352;James Jackson
40244;Pete Davis
40853;Paul Johnson
41227;Grace Johnson
40320;Paul Thompson
40275;Charlotte Williams
40174;Lucy Martin
40171;Grace Davis
40054;Paul Harris
43129;Charlotte Jones
44078;John Thompson
41294;Isabella Smith
40104;Charlotte Harris
41014;George Wilson
44593;Charlotte Jackson
40182;Sophia Jackson
40984;Ava Jones
41323;Sophia Smith
40057;Emma Moore
40582;James Miller
40098;Ruby Williams
40272;Isabella Williams
40621;Ava Johnson
40222;Paul Taylor
40119;Charlotte Miller
41294;Isabella Smith
40470;Isabella Davis
41061;Amelia Miller
40071;Ava Davis
40966;Ringo Wilson
40436;Paul Wilson
40063;Grace Wilson
41054;James Johnson
40594;Olivia Miller
46513;Paul Smith
41786;Olivia Thompson
41714;Amelia Harris
40354;Mia Johnson
40076;James White
43129;Charlotte Jones
40403;Pete Wilson
40600;Ringo Thompson
40125;Olivia Smith
40372;Ringo Taylor
42112;Ella Davis
40154;Emma Thompson
44735;George Johnson
40473;Ella Martin
40168;Pete Harris
42098;Olivia Johnson
40204;Amelia Taylor
41227;Grace Johnson
40275;Charlotte Williams
40087;Lucy Johnson
41582;Pete Thompson
45749;Ava Harris
41659;Emma Anderson
40254;Charlotte Johnson
40320;Paul Thompson
41950;Mia Jones
41575;Mia Miller
40853;Paul Johnson
40989;John Johnson
41294;Isabella Smith
43227;Paul Anderson
40603;James Davis
40630;George Jones
41457;Pete Moore
40302;Ella White
40952;Paul Moore
40760;George White
41714;Amelia Harris
40122;Emma Miller
41301;Ella Miller
40238;Olivia Anderson
45749;Ava Harris
44240;Charlotte Anderson
40281;John Jones
40090;Mia Wilson
40171;Grace Davis
43227;Paul Anderson
40922;Charlotte Wilson
40188;Lucy Moore
42753;Ella Jackson
42003;Ruby Jones
41786;Olivia Thompson
40760;George White
40934;Grace Harris
40138;Pete Martin
40045;Ella Thompson
40036;Ella Williams
40476;Grace Williams
40119;Charlotte Miller
40885;Amelia Anderson
40198;Ringo Miller
40518;Paul Davis
40269;Ruby Davis
41504;Sophia Wilson
40470;Isabella Davis
41822;Lucy Thompson
40539;Ringo Smith
40057;Emma Moore
41177;Sophia Thompson
40198;Ringo Miller
40146;Ruby Wilson
40381;Olivia Martin
40922;Charlotte Wilson
40427;Ringo Anderson
40159;Amelia White
40450;Ringo Williams
41714;Amelia Harris
40320;Paul Thompson
42736;Pete White
46044;Isabella Johnson
40386;Ella Moore
42880;Emma Jones
40084;Lucy Taylor
41575;Mia Miller
42054;Emma Davis
44173;Ringo White
40760;George White
40317;Mia Martin
42736;Pete White
40600;Ringo Thompson
40989;John Johnson
41108;Ruby Taylor
44593;Charlotte Jackson
41133;Olivia Moore
41873;James Anderson
42112;Ella Davis
41270;Grace Anderson
40963;John Harris
41158;Amelia Williams
41323;Sophia Smith
40365;Charlotte Davis
40292;James Thompson
41707;Emma Taylor
41080;Isabella Miller
40244;Pete Davis
40071;Ava Davis
40621;Ava Johnson
41957;Ava Anderson
40311;Ava Jackson
42753;Ella Jackson
40060;Ruby Moore
40827;Pete Johnson
40266;Sophia White
40063;Grace Wilson
40427;Ringo Anderson
41950;Mia Jones
40042;Ringo Martin
40193;Ruby Anderson
40470;Isabella Davis
40741;Amelia Moore
41323;Sophia Smith
42164;George Martin
42380;Pete Smith
40286;Ava Thompson
44956;Mia Williams
41950;Mia Jones
40054;Paul Harris
44956;Mia Williams
40297;Ruby Johnson
41673;James Martin
40351;Charlotte Moore
40198;Ringo Miller
41089;Isabella Harris
40550;Ava Moore
40235;Emma Jackson
42015;James Moore
40362;Ruby Miller
41108;Ruby Taylor
40702;John Wilson
43891;Amelia Johnson
40357;James Wilson
40822;Sophia Moore
40193;Ruby Anderson
44495;Mia Jackson
40569;Charlotte Smith
40462;Amelia Thompson
42611;Pete Miller
40702;John Wilson
41054;James Johnson
40470;Isabella Davis
40875;Paul Jones
42778;Olivia Harris
40198;Ringo Miller
40636;Grace Moore
40455;Ruby Thompson
41014;George Wilson
40230;John Taylor
40550;Ava Moore
41873;James Anderson
40937;George Williams
40201;Lucy Williams
40090;Mia Wilson
41515;Emma Martin
40042;Ringo Martin
41457;Pete Moore
40149;James Taylor
41133;Olivia Moore
40561;Paul Williams
41054;James Johnson
40630;George Jones
40289;George Jackson
40569;Charlotte Smith
40786;Amelia Smith
41009;Ava Martin
40201;Lucy Williams
42065;George Harris
40633;Ella Smith
41795;Lucy Davis
40302;Ella White
41153;James Smith
40110;John Miller
40159;Amelia White
40185;Sophia Davis
40336;Ruby Smith
40408;Sophia Harris
43038;Grace Miller
45749;Ava Harris
43619;John White
41153;James Smith
40885;Amelia Anderson
40362;Ruby Miller
40462;Amelia Thompson
40476;Grace Williams
40275;Charlotte Williams
41230;John Anderson
42103;Sophia Miller
41470;George Miller
40781;Grace Smith
40066;Isabella Jackson
40116;Isabella Martin
40269;Ruby Davis
42260;James Williams
41786;Olivia Thompson
42164;George Martin
40561;Paul Williams
40372;Ringo Taylor
40278;Amelia Wilson
41158;Amelia Williams
41369;Lucy Wilson
42880;Emma Jones
40042;Ringo Martin
40104;Charlotte Harris
40768;Sophia Taylor
40763;Paul Miller
40630;George Jones
40875;Paul Jones
42127;John Moore
40394;Olivia White
42753;Ella Jackson
40807;Isabella White
40198;Ringo Miller
41470;George Miller
40419;Pete Williams
41515;Emma Martin
41501;Pete Jackson
40569;Charlotte Smith
40427;Ringo Anderson
40837;Ella Anderson
40286;Ava Thompson
40036;Ella Williams
41009;Ava Martin
40566;Sophia Williams
40278;Amelia Wilson
40174;Lucy Martin
41133;Olivia Moore
40672;Mia Thompson
41950;Mia Jones
40168;Pete Harris
40397;Ella Jones
40036;Ella Williams
40168;Pete Harris
40185;Sophia Davis
44495;Mia Jackson
43382;Isabella Moore
40989;John Johnson
40286;Ava Thompson
42778;Olivia Harris
40386;Ella Moore
40193;Ruby Anderson
40550;Ava Moore
40048;Ruby White
40467;Amelia Jones
41089;Isabella Harris
40275;Charlotte Williams
40244;Pete Davis
40693;Ava Taylor
41230;John Anderson
41786;Olivia Thompson
40146;Ruby Wilson
41369;Lucy Wilson
43160;Isabella Anderson
40101;Mia Davis
41247;Ringo Moore
41739;James Harris
40045;Ella Thompson
40633;Ella Smith
44240;Charlotte Anderson
40594;Olivia Miller
41352;James Jackson
40719;George Taylor
40165;Mia Moore
43227;Paul Anderson
40830;Amelia Martin
42164;George Martin
42164;George Martin
41014;George Wilson
40741;Amelia Moore
40479;Charlotte Taylor
40222;Paul Taylor
40286;Ava Thompson
41158;Amelia Williams
40693;Ava Taylor
40830;Amelia Martin
43382;Isabella Moore
40763;Paul Miller
40566;Sophia Williams
40403;Pete Wilson
41247;Ringo Moore
40133;Mia White
40621;Ava Johnson
41369;Lucy Wilson
40439;Sophia Jones
40204;Amelia Taylor
40362;Ruby Miller
40515;Ava Wilson
40885;Amelia Anderson
40966;Ringo Wilson
40763;Paul Miller
40174;Lucy Martin
42956;John Smith
42054;Emma Davis
42956;John Smith
44173;Ringo White
42853;Paul Jackson
40880;Charlotte White
40403;Pete Wilson
42003;Ruby Jones
40594;Olivia Miller
42315;George Moore
40272;Isabella Williams
41294;Isabella Smith
40241;Ringo Harris
40098;Ruby Williams
40045;Ella Thompson
40630;George Jones
40669;Emma White
40302;Ella White
40119;Charlotte Miller
40422;Lucy White
40636;Grace Moore
40467;Amelia Jones
40807;Isabella White
40116;Isabella Martin
40222;Paul Taylor
40885;Amelia Anderson
40133;Mia White
40266;Sophia White
40107;Emma Williams
41247;Ringo Moore
41714;Amelia Harris
40292;James Thompson
40719;George Taylor
40473;Ella Martin
42315;George Moore
41089;Isabella Harris
42431;Paul White
40090;Mia Wilson
40738;Amelia Davis
44593;Charlotte Jackson
41582;Pete Thompson
40476;Grace Williams
40314;Emma Harris
40875;Paul Jones
40185;Sophia Davis
40079;Grace Jones
40467;Amelia Jones
41352;James Jackson
40107;Emma Williams
40141;Lucy Harris
40493;George Thompson
42000;Lucy Miller
40981;Isabella Wilson
40098;Ruby Williams
40864;George Davis
40512;Olivia Jackson
40476;Grace Williams
40394;Olivia White
40104;Charlotte Harris
40989;John Johnson
40738;Amelia Davis
41504;Sophia Wilson
41707;Emma Taylor
40317;Mia Martin
42753;Ella Jackson
43129;Charlotte Jones
40168;Pete Harris
40594;Olivia Miller
41334;Emma Wilson
44240;Charlotte Anderson
40462;Amelia Thompson
40372;Ringo Taylor
40357;James Wilson
42736;Pete White
44078;John Thompson
40215;John Davis
42112;Ella Davis
40244;Pete Davis
40966;Ringo Wilson
40168;Pete Harris
40054;Paul Harris
40880;Charlotte White
40057;Emma Moore
41270;Grace Anderson
41054;James Johnson
41108;Ruby Taylor
41739;James Harris
40600;Ringo Thompson
40630;George Jones
40222;Paul Taylor
42164;George Martin
41599;Ringo Jackson
40179;Ella Taylor
40594;Olivia Miller
41323;Sophia Smith
41080;Isabella Miller
41668;Paul Martin
42112;Ella Davis
40827;Pete Johnson
41575;Mia Miller
40254;Charlotte Johnson
40781;Grace Smith
40969;Mia Harris
40966;Ringo Wilson
40974;Mia Taylor
45749;Ava Harris
40408;Sophia Harris
40830;Amelia Martin
40060;Ruby Moore
40045;Ella Thompson
40403;Pete Wilson
40365;Charlotte Davis
41582;Pete Thompson
40597;Olivia Jones
40323;Amelia Jackson
44482;Olivia Davis
40292;James Thompson
40419;Pete Williams
46044;Isabella Johnson
40925;George Anderson
40045;Ella Thompson
41270;Grace Anderson
40087;Lucy Johnson
40281;John Jones
42054;Emma Davis
49874;Ringo Davis
40045;Ella Thompson
41014;George Wilson
41153;James Smith
45749;Ava Harris
40512;Olivia Jackson
40496;Olivia Wilson
40042;Ringo Martin
40496;Olivia Wilson
40244;Pete Davis
44379;James Jones
40937;George Williams
41714;Amelia Harris
42778;Olivia Harris
40503;John Jackson
45749;Ava Harris
40837;Ella Anderson
40171;Grace Davis
43382;Isabella Moore
40470;Isabella Davis
40162;Isabella Thompson
40597;Olivia Jones
41054;James Johnson
41822;Lucy Thompson
41108;Ruby Taylor
42098;Olivia Johnson
40996;Ringo Johnson
40104;Charlotte Harris
42112;Ella Davis
40768;Sophia Taylor
42000;Lucy Miller
40244;Pete Davis
41714;Amelia Harris
40235;Emma Jackson
41150;Grace Taylor
40362;Ruby Miller
41343;Emma Smith
40633;Ella Smith
40848;Ella Wilson
41194;Ringo Jones
40503;John Jackson
40119;Charlotte Miller
41714;Amelia Harris
43891;Amelia Johnson
42578;Lucy Anderson
40470;Isabella Davis
40168;Pete Harris
44078;John Thompson
41009;Ava Martin
40357;James Wilson
40582;James Miller
41194;Ringo Jones
40476;Grace Williams
40408;Sophia Harris
40054;Paul Harris
41950;Mia Jones
40036;Ella Williams
41153;James Smith
40848;Ella Wilson
40141;Lucy Harris
40365;Charlotte Davis
41707;Emma Taylor
40781;Grace Smith
40174;Lucy Martin
44482;Olivia Davis
41014;George Wilson
40314;Emma Harris
43382;Isabella Moore
42956;John Smith
40989;John Johnson
40179;Ella Taylor
40937;George Williams
40063;Grace Wilson
40125;Olivia Smith
40669;Emma White
41739;James Harris
40165;Mia Moore
43891;Amelia Johnson
40925;George Anderson
40603;James Davis
44735;George Johnson
40057;Emma Moore
40984;Ava Jones
40702;John Wilson
46513;Paul Smith
40188;Lucy Moore
40848;Ella Wilson
40154;Emma Thompson
40439;Sophia Jones
40238;Olivia Anderson
40119;Charlotte Miller
44593;Charlotte Jackson
40763;Paul Miller
40198;Ringo Miller
44735;George Johnson
40807;Isabella White
40925;George Anderson
41682;Pete Taylor
40122;Emma Miller
42103;Sophia Miller
40138;Pete Martin
43888;Sophia Johnson
40261;Olivia Williams
40981;Isabella Wilson
40198;Ringo Miller
40165;Mia Moore
40693;Ava Taylor
40297;Ruby Johnson
42578;Lucy Anderson
44593;Charlotte Jackson
40603;James Davis
40193;Ruby Anderson
41158;Amelia Williams
41014;George Wilson
40603;James Davis
40104;Charlotte Harris
40125;Olivia Smith
42923;Sophia Martin
40357;James Wilson
40146;Ruby Wilson
40101;Mia Davis
40486;Lucy Jackson
40989;John Johnson
40048;Ruby White
40969;Mia Harris
40952;Paul Moore
40455;Ruby Thompson
41673;James Martin
40179;Ella Taylor
40302;Ella White
40171;Grace Davis
40618;Ava Miller
41369;Lucy Wilson
41089;Isabella Harris
41582;Pete Thompson
40397;Ella Jones
50975;Ava Williams
40042;Ringo Martin
40275;Charlotte Williams
40348;Ava Smith
40864;George Davis
40473;Ella Martin
40093;John Martin
41659;Emma Anderson
41270;Grace Anderson
40672;Mia Thompson
40174;Lucy Martin
41247;Ringo Moore
41659;Emma Anderson
40222;Paul Taylor
40272;Isabella Williams
40302;Ella White
40394;Olivia White
44173;Ringo White
40039;Grace White
40585;Charlotte Martin
40621;Ava Johnson
41659;Emma Anderson
40320;Paul Thompson
40952;Paul Moore
40146;Ruby Wilson
40174;Lucy Martin
44240;Charlotte Anderson
40741;Amelia Moore
42315;George Moore
41682;Pete Taylor
42380;Pete Smith
40566;Sophia Williams
41080;Isabella Miller
40738;Amelia Davis
43891;Amelia Johnson
40302;Ella White
44710;Isabella Jones
41323;Sophia Smith
40254;Charlotte Johnson
41247;Ringo Moore
40621;Ava Johnson
40314;Emma Harris
40054;Paul Harris
40518;Paul Davis
40738;Amelia Davis
41230;John Anderson
40719;George Taylor
40594;Olivia Miller
42112;Ella Davis
42054;Emma Davis
40486;Lucy Jackson
42255;Ella Johnson
40159;Amelia White
40880;Charlotte White
40188;Lucy Moore
40125;Olivia Smith
41054;James Johnson
41659;Emma Anderson
40188;Lucy Moore
49874;Ringo Davis
40071;Ava Davis
41950;Mia Jones
41618;Ella Harris
41501;Pete Jackson
42431;Paul White
40230;John Taylor
40057;Emma Moore
40076;James White
40269;Ruby Davis
40230;John Taylor
40125;Olivia Smith
40603;James Davis
40952;Paul Moore
40314;Emma Harris
40864;George Davis
43227;Paul Anderson
41873;James Anderson
40966;Ringo Wilson
41054;James Johnson
40386;Ella Moore
43619;John White
40848;Ella Wilson
41795;Lucy Davis
42380;Pete Smith
42979;Ruby Jackson
40063;Grace Wilson
40193;Ruby Anderson
45749;Ava Harris
40786;Amelia Smith
40636;Grace Moore
42112;Ella Davis
41504;Sophia Wilson
40422;Lucy White
40266;Sophia White
42611;Pete Miller
40394;Olivia White
40227;Pete Anderson
40493;George Thompson
40569;Charlotte Smith
42054;Emma Davis
40207;Grace Thompson
40922;Charlotte Wilson
40455;Ruby Thompson
40204;Amelia Taylor
41618;Ella Harris
40760;George White
40934;Grace Harris
44710;Isabella Jones
40875;Paul Jones
40093;John Martin
40455;Ruby Thompson
40566;Sophia Williams
40066;Isabella Jackson
40122;Emma Miller
40394;Olivia White
41659;Emma Anderson
43160;Isabella Anderson
41950;Mia Jones
41304;Lucy Jones
50975;Ava Williams
41194;Ringo Jones
40515;Ava Wilson
41080;Isabella Miller
40048;Ruby White
40952;Paul Moore
42140;Mia Anderson
42431;Paul White
40427;Ringo Anderson
44593;Charlotte Jackson
40450;Ringo Williams
40539;Ringo Smith
40357;James Wilson
40066;Isabella Jackson
40486;Lucy Jackson
40045;Ella Thompson
42012;Emma Johnson
41061;Amelia Miller
41544;Pete Jones
40702;John Wilson
40561;Paul Williams
40154;Emma Thompson
43038;Grace Miller
40314;Emma Harris
40633;Ella Smith
40618;Ava Miller
40503;John Jackson
44482;Olivia Davis
41014;George Wilson
40436;Paul Wilson
42956;John Smith
40539;Ringo Smith
40051;John Williams
40174;Lucy Martin
42956;John Smith
40093;John Martin
40314;Emma Harris
40039;Grace White
44173;Ringo White
40760;George White
40247;Sophia Anderson
40244;Pete Davis
40400;Ruby Martin
40486;Lucy Jackson
41457;Pete Moore
44173;Ringo White
40119;Charlotte Miller
46513;Paul Smith
41504;Sophia Wilson
41294;Isabella Smith
40141;Lucy Harris
41957;Ava Anderson
40566;Sophia Williams
40386;Ella Moore
40822;Sophia Moore
42380;Pete Smith
40174;Lucy Martin
41194;Ringo Jones
40922;Charlotte Wilson
40354;Mia Johnson
40159;Amelia White
44379;James Jones
42127;John Moore
40171;Grace Davis
40104;Charlotte Harris
44379;James Jones
40193;Ruby Anderson
44078;John Thompson
40760;George White
41270;Grace Anderson
40439;Sophia Jones
41582;Pete Thompson
43129;Charlotte Jones
41957;Ava Anderson
44956;Mia Williams
40738;Amelia Davis
42003;Ruby Jones
40286;Ava Thompson
40479;Charlotte Taylor
41372;Lucy Smith
40597;Olivia Jones
41108;Ruby Taylor
40154;Emma Thompson
40119;Charlotte Miller
41054;James Johnson
43129;Charlotte Jones
41323;Sophia Smith
40486;Lucy Jackson
40969;Mia Harris
40969;Mia Harris
44495;Mia Jackson
40222;Paul Taylor
40107;Emma Williams
41599;Ringo Jackson
40702;John Wilson
40168;Pete Harris
40107;Emma Williams
41029;George Smith
40317;Mia Martin
42159;Charlotte Thompson
40154;Emma Thompson
44593;Charlotte Jackson
40269;Ruby Davis
41682;Pete Taylor
40512;Olivia Jackson
40084;Lucy Taylor
40210;Ava White
40807;Isabella White
40113;Isabella Taylor
40738;Amelia Davis
40119;Charlotte Miller
40822;Sophia Moore
40853;Paul Johnson
44379;James Jones
40925;George Anderson
40518;Paul Davis
42880;Emma Jones
42431;Paul White
40302;Ella White
42260;James Williams
40952;Paul Moore
40093;John Martin
40436;Paul Wilson
40875;Paul Jones
40512;Olivia Jackson
40101;Mia Davis
40582;James Miller
42103;Sophia Miller
40227;Pete Anderson
41599;Ringo Jackson
40165;Mia Moore
40636;Grace Moore
41133;Olivia Moore
40348;Ava Smith
40238;Olivia Anderson
46044;Isabella Johnson
40354;Mia Johnson
40351;Charlotte Moore
40297;Ruby Johnson
40336;Ruby Smith
40763;Paul Miller
41108;Ruby Taylor
46513;Paul Smith
40966;Ringo Wilson
40182;Sophia Jackson
41177;Sophia Thompson
40204;Amelia Taylor
40320;Paul Thompson
40060;Ruby Moore
40138;Pete Martin
41682;Pete Taylor
42140;Mia Anderson
40439;Sophia Jones
40400;Ruby Martin
40594;Olivia Miller
40397;Ella Jones
41285;Grace Jackson
40241;Ringo Harris
40594;Olivia Miller
40314;Emma Harris
40473;Ella Martin
40827;Pete Johnson
40394;Olivia White
40952;Paul Moore
40830;Amelia Martin
40597;Olivia Jones
40311;Ava Jackson
40162;Isabella Thompson
41544;Pete Jones
40130;Mia Smith
40201;Lucy Williams
40582;James Miller
40427;Ringo Anderson
41673;James Martin
40621;Ava Johnson
40768;Sophia Taylor
40101;Mia Davis
40837;Ella Anderson
40076;James White
41153;James Smith
40198;Ringo Miller
50975;Ava Williams
40357;James Wilson
40996;Ringo Johnson
40848;Ella Wilson
41682;Pete Taylor
40989;John Johnson
40204;Amelia Taylor
42012;Emma Johnson
40486;Lucy Jackson
42578;Lucy Anderson
41673;James Martin
40848;Ella Wilson
40781;Grace Smith
41582;Pete Thompson
40952;Paul Moore
40084;Lucy Taylor
42611;Pete Miller
41080;Isabella Miller
50975;Ava Williams
40952;Paul Moore
40989;John Johnson
42578;Lucy Anderson
40042;Ringo Martin
41873;James Anderson
40227;Pete Anderson
41158;Amelia Williams
45749;Ava Harris
41950;Mia Jones
46044;Isabella Johnson
40341;Ruby Harris
42012;Emma Johnson
40391;Grace Martin
40450;Ringo Williams
44173;Ringo White
40247;Sophia Anderson
40934;Grace Harris
40864;George Davis
42956;John Smith
41080;Isabella Miller
41343;Emma Smith
40193;Ruby Anderson
40462;Amelia Thompson
44240;Charlotte Anderson
42065;George Harris
43888;Sophia Johnson
42315;George Moore
40848;Ella Wilson
41343;Emma Smith
44078;John Thompson
41786;Olivia Thompson
40311;Ava Jackson
40188;Lucy Moore
40597;Olivia Jones
40550;Ava Moore
40719;George Taylor
40174;Lucy Martin
40486;Lucy Jackson
40272;Isabella Williams
42012;Emma Johnson
44710;Isabella Jones
40597;Olivia Jones
40174;Lucy Martin
44593;Charlotte Jackson
40314;Emma Harris
43038;Grace Miller
40827;Pete Johnson
40207;Grace Thompson
41504;Sophia Wilson
40989;John Johnson
40618;Ava Miller
42015;James Moore
40266;Sophia White
40394;Olivia White
40113;Isabella Taylor
41682;Pete Taylor
40168;Pete Harris
40719;George Taylor
42736;Pete White
42103;Sophia Miller
40781;Grace Smith
40781;Grace Smith
41957;Ava Anderson
40807;Isabella White
40060;Ruby Moore
40597;Olivia Jones
41369;Lucy Wilson
44173;Ringo White
41372;Lucy Smith
40076;James White
40672;Mia Thompson
40462;Amelia Thompson
41227;Grace Johnson
40738;Amelia Davis
40354;Mia Johnson
40621;Ava Johnson
41501;Pete Jackson
41682;Pete Taylor
40098;Ruby Williams
41950;Mia Jones
42003;Ruby Jones
40302;Ella White
44240;Charlotte Anderson
40550;Ava Moore
42736;Pete White
41014;George Wilson
40354;Mia Johnson
40618;Ava Miller
41343;Emma Smith
41294;Isabella Smith
42611;Pete Miller
41457;Pete Moore
43888;Sophia Johnson
41029;George Smith
41323;Sophia Smith
40837;Ella Anderson
40937;George Williams
42260;James Williams
46513;Paul Smith
40275;Charlotte Williams
41504;Sophia Wilson
41795;Lucy Davis
40476;Grace Williams
42736;Pete White
40760;George White
42611;Pete Miller
40357;James Wilson
40422;Lucy White
41599;Ringo Jackson
41323;Sophia Smith
40436;Paul Wilson
42956;John Smith
40400;Ruby Martin
40621;Ava Johnson
40763;Paul Miller
41014;George Wilson
43227;Paul Anderson
40138;Pete Martin
40230;John Taylor
40476;Grace Williams
40261;Olivia Williams
41270;Grace Anderson
40168;Pete Harris
40104;Charlotte Harris
40168;Pete Harris
44956;Mia Williams
40566;Sophia Williams
40244;Pete Davis
40365;Charlotte Davis
42736;Pete White
40107;Emma Williams
42923;Sophia Martin
40171;Grace Davis
40503;John Jackson
40084;Lucy Taylor
40455;Ruby Thompson
40193;Ruby Anderson
40672;Mia Thompson
40222;Paul Taylor
42979;Ruby Jackson
44710;Isabella Jones
40314;Emma Harris
42380;Pete Smith
40087;Lucy Johnson
40101;Mia Davis
40633;Ella Smith
41599;Ringo Jackson
40317;Mia Martin
40496;Olivia Wilson
41618;Ella Harris
40963;John Harris
42012;Emma Johnson
43129;Charlotte Jones
40974;Mia Taylor
40989;John Johnson
42431;Paul White
40693;Ava Taylor
40104;Charlotte Harris
40286;Ava Thompson
40297;Ruby Johnson
40621;Ava Johnson
40278;Amelia Wilson
42112;Ella Davis
40996;Ringo Johnson
40455;Ruby Thompson
40518;Paul Davis
40341;Ruby Harris
40193;Ruby Anderson
40837;Ella Anderson
40702;John Wilson
40400;Ruby Martin
40357;James Wilson
41372;Lucy Smith
40247;Sophia Anderson
40760;George White
41873;James Anderson
40934;Grace Harris
40408;Sophia Harris
40503;John Jackson
40518;Paul Davis
40427;Ringo Anderson
40185;Sophia Davis
40781;Grace Smith
41304;Lucy Jones
41029;George Smith
40302;Ella White
40394;Olivia White
40600;Ringo Thompson
40763;Paul Miller
40518;Paul Davis
40281;John Jones
40341;Ruby Harris
40071;Ava Davis
40937;George Williams
40272;Isabella Williams
43891;Amelia Johnson
41054;James Johnson
42923;Sophia Martin
40289;George Jackson
42164;George Martin
40215;John Davis
40966;Ringo Wilson
40600;Ringo Thompson
40130;Mia Smith
40633;Ella Smith
40063;Grace Wilson
43129;Charlotte Jones
44495;Mia Jackson
40636;Grace Moore
40042;Ringo Martin
40386;Ella Moore
40381;Olivia Martin
40365;Charlotte Davis
40149;James Taylor
42164;George Martin
44584;Olivia Taylor
40292;James Thompson
40365;Charlotte Davis
40672;Mia Thompson
42923;Sophia Martin
41247;Ringo Moore
40182;Sophia Jackson
43891;Amelia Johnson
40054;Paul Harris
40116;Isabella Martin
40039;Grace White
40422;Lucy White
41682;Pete Taylor
40470;Isabella Davis
40165;Mia Moore
41014;George Wilson
41054;James Johnson
40133;Mia White
40807;Isabella White
40297;Ruby Johnson
44584;Olivia Taylor
40518;Paul Davis
40314;Emma Harris
44078;John Thompson
42260;James Williams
42578;Lucy Anderson
43619;John White
40512;Olivia Jackson
40996;Ringo Johnson
41372;Lucy Smith
42979;Ruby Jackson
40422;Lucy White
40473;Ella Martin
40561;Paul Williams
41659;Emma Anderson
40594;Olivia Miller
40422;Lucy White
40171;Grace Davis
40125;Olivia Smith
50975;Ava Williams
40093;John Martin
40048;Ruby White
41009;Ava Martin
41177;Sophia Thompson
40302;Ella White
40207;Grace Thompson
40966;Ringo Wilson
44078;John Thompson
41673;James Martin
40036;Ella Williams
42015;James Moore
41230;John Anderson
41470;George Miller
40048;Ruby White
40880;Charlotte White
40381;Olivia Martin
40496;Olivia Wilson
42054;Emma Davis
40403;Pete Wilson
40875;Paul Jones
40357;James Wilson
41285;Grace Jackson
49874;Ringo Davis
42853;Paul Jackson
40621;Ava Johnson
40476;Grace Williams
40297;Ruby Johnson
46513;Paul Smith
40266;Sophia White
40566;Sophia Williams
41873;James Anderson
40348;Ava Smith
40066;Isabella Jackson
41957;Ava Anderson
40168;Pete Harris
41194;Ringo Jones
41575;Mia Miller
41089;Isabella Harris
41304;Lucy Jones
40981;Isabella Wilson
41352;James Jackson
40116;Isabella Martin
40057;Emma Moore
40702;John Wilson
40201;Lucy Williams
40266;Sophia White
42054;Emma Davis
40763;Paul Miller
40323;Amelia Jackson
40168;Pete Harris
40215;John Davis
44956;Mia Williams
41504;Sophia Wilson
44240;Charlotte Anderson
43160;Isabella Anderson
40381;Olivia Martin
41153;James Smith
41352;James Jackson
42012;Emma Johnson
40084;Lucy Taylor
41227;Grace Johnson
40230;John Taylor
42140;Mia Anderson
41504;Sophia Wilson
40397;Ella Jones
40763;Paul Miller
40837;Ella Anderson
40486;Lucy Jackson
42578;Lucy Anderson
40302;Ella White
40597;Olivia Jones
40455;Ruby Thompson
41795;Lucy Davis
40244;Pete Davis
40419;Pete Williams
40281;John Jones
40235;Emma Jackson
40149;James Taylor
40408;Sophia Harris
41029;George Smith
40922;Charlotte Wilson
40149;James Taylor
41795;Lucy Davis
40116;Isabella Martin
40467;Amelia Jones
41343;Emma Smith
40341;Ruby Harris
45749;Ava Harris
42778;Olivia Harris
40235;Emma Jackson
42012;Emma Johnson
40087;Lucy Johnson
40185;Sophia Davis
44956;Mia Williams
40071;Ava Davis
40630;George Jones
40937;George Williams
41285;Grace Jackson
44240;Charlotte Anderson
40636;Grace Moore
41230;John Anderson
40207;Grace Thompson
40781;Grace Smith
42140;Mia Anderson
41301;Ella Miller
40672;Mia Thompson
40204;Amelia Taylor
40272;Isabella Williams
40597;Olivia Jones
40079;Grace Jones
40036;Ella Williams
40146;Ruby Wilson
40550;Ava Moore
42159;Charlotte Thompson
40079;Grace Jones
41618;Ella Harris
50975;Ava Williams
40042;Ringo Martin
40600;Ringo Thompson
44593;Charlotte Jackson
40618;Ava Miller
42065;George Harris
40357;James Wilson
40222;Paul Taylor
41352;James Jackson
42255;Ella Johnson
50975;Ava Williams
40386;Ella Moore
40830;Amelia Martin
44482;Olivia Davis
40185;Sophia Davis
40354;Mia Johnson
40539;Ringo Smith
40060;Ruby Moore
